{
    "loss": [
        0.8858075737953186,
        0.8718765377998352,
        0.8671877980232239,
        0.8637268543243408,
        0.8610385656356812,
        0.8592184782028198,
        0.8577802181243896,
        0.8565630912780762,
        0.8553537130355835,
        0.8545815944671631,
        0.8534277677536011,
        0.8527142405509949,
        0.8521204590797424,
        0.8515835404396057,
        0.8507919311523438,
        0.8501517176628113,
        0.8496265411376953,
        0.8492007851600647,
        0.8486493825912476,
        0.8483622670173645,
        0.8480640649795532,
        0.8473701477050781,
        0.8467962741851807
    ],
    "mae": [
        0.6597539186477661,
        0.6534782648086548,
        0.6515828967094421,
        0.6502382755279541,
        0.6491614580154419,
        0.6484939455986023,
        0.6479465961456299,
        0.6474119424819946,
        0.6469503045082092,
        0.6467303037643433,
        0.6461973786354065,
        0.6461238265037537,
        0.6457362771034241,
        0.6456950902938843,
        0.6453491449356079,
        0.6451111435890198,
        0.6449840068817139,
        0.644815981388092,
        0.644610583782196,
        0.6444660425186157,
        0.6442520022392273,
        0.6440803408622742,
        0.6437350511550903
    ],
    "val_loss": [
        0.8757861852645874,
        0.8671500086784363,
        0.8666533827781677,
        0.8640129566192627,
        0.8643410205841064,
        0.8586439490318298,
        0.8591436147689819,
        0.8591668009757996,
        0.8612310886383057,
        0.8600688576698303,
        0.8550065159797668,
        0.855970561504364,
        0.8565818667411804,
        0.8566548228263855,
        0.8526212573051453,
        0.8522365689277649,
        0.8511972427368164,
        0.8515064120292664,
        0.8547164797782898,
        0.8517520427703857,
        0.8521857857704163,
        0.8518774509429932,
        0.8517824411392212
    ],
    "val_mae": [
        0.6568781733512878,
        0.6453878879547119,
        0.6450555324554443,
        0.6472383737564087,
        0.658525824546814,
        0.661284863948822,
        0.6526404023170471,
        0.6403273940086365,
        0.6513696312904358,
        0.6426450610160828,
        0.6496259570121765,
        0.6528202891349792,
        0.6486465334892273,
        0.6556743383407593,
        0.6451879739761353,
        0.6414182782173157,
        0.6399704217910767,
        0.6419554352760315,
        0.6363269686698914,
        0.635106086730957,
        0.6476998925209045,
        0.6463018655776978,
        0.636163592338562
    ]
}