{
    "mlp": {
        "rmse": 0.014317902423999457,
        "mae": 0.00991371340238516,
        "r2": 0.15400254406522484
    },
    "residual_mlp": {
        "rmse": 0.014277412009070145,
        "mae": 0.009913809282692547,
        "r2": 0.15878066749003317
    },
    "transformer": {
        "rmse": 0.0143532966515463,
        "mae": 0.00992694939749794,
        "r2": 0.1498147187767901
    }
}