{
    "loss": [
        0.9006814956665039,
        0.8677365779876709,
        0.8892244696617126,
        0.8737335205078125,
        0.8520313501358032,
        0.8691586852073669,
        0.8458529114723206,
        0.8675112724304199,
        0.8446900248527527,
        0.8930057883262634,
        0.8419013023376465,
        0.87299644947052,
        0.8356115818023682,
        0.8350501656532288,
        0.8349893689155579,
        0.8338508605957031,
        0.8331516981124878,
        0.8299049735069275,
        0.8408746123313904,
        0.8263977766036987,
        0.8291754722595215,
        0.8245158195495605,
        0.8232604265213013,
        0.8283278346061707,
        0.822704553604126,
        0.8174021244049072,
        0.8186147809028625,
        0.8221131563186646,
        0.8130499720573425,
        0.8267059922218323,
        0.8118645548820496,
        0.8102205991744995,
        0.8128301501274109,
        0.8101044297218323
    ],
    "mae": [
        0.6607202887535095,
        0.6503887176513672,
        0.647662878036499,
        0.645988941192627,
        0.6447230577468872,
        0.6440282464027405,
        0.6431499123573303,
        0.6426896452903748,
        0.6415755152702332,
        0.6417393088340759,
        0.6410813927650452,
        0.6400501728057861,
        0.6396917700767517,
        0.6395795941352844,
        0.6390460729598999,
        0.638372540473938,
        0.6379517912864685,
        0.6377459764480591,
        0.6372172832489014,
        0.6370633244514465,
        0.6361241340637207,
        0.6360161304473877,
        0.6358415484428406,
        0.635125994682312,
        0.6351190209388733,
        0.6340932846069336,
        0.634167492389679,
        0.6337811946868896,
        0.6329440474510193,
        0.6326236724853516,
        0.6325228214263916,
        0.631971538066864,
        0.6322654485702515,
        0.6310955882072449
    ],
    "val_loss": [
        0.8636890053749084,
        0.856193482875824,
        0.8520172238349915,
        0.8533414006233215,
        0.8491005301475525,
        0.8476102352142334,
        0.8471314311027527,
        0.8449819087982178,
        0.8458259701728821,
        0.8472999930381775,
        0.8443511724472046,
        0.8459115028381348,
        0.8450654149055481,
        0.8451732993125916,
        0.8431078195571899,
        0.8488435745239258,
        0.8427510261535645,
        0.8443959355354309,
        0.8452142477035522,
        0.8446093797683716,
        0.8422262072563171,
        0.8465573191642761,
        0.844226062297821,
        0.8417945504188538,
        0.8443987369537354,
        0.8453009724617004,
        0.8425958156585693,
        0.8410953879356384,
        0.8420310020446777,
        0.8425193428993225,
        0.8467085957527161,
        0.8436638712882996,
        0.8422731757164001,
        0.8415724039077759
    ],
    "val_mae": [
        0.6383355855941772,
        0.6459539532661438,
        0.6377886533737183,
        0.6476153135299683,
        0.6481305956840515,
        0.6483091115951538,
        0.642736554145813,
        0.6352726221084595,
        0.6383923888206482,
        0.6360315084457397,
        0.6424592137336731,
        0.6467784643173218,
        0.6486225724220276,
        0.6341773271560669,
        0.6433860659599304,
        0.6538996696472168,
        0.6423601508140564,
        0.6393508315086365,
        0.6411914825439453,
        0.6484775543212891,
        0.6369836926460266,
        0.6331491470336914,
        0.6459850072860718,
        0.6423348188400269,
        0.6409891843795776,
        0.642162561416626,
        0.6447488069534302,
        0.6392049193382263,
        0.6350897550582886,
        0.6414287090301514,
        0.6339423656463623,
        0.6431220769882202,
        0.6432495713233948,
        0.6444374322891235
    ]
}