{
    "loss": [
        0.8821727633476257,
        0.8650664687156677,
        0.8603024482727051,
        0.8568110466003418,
        0.8549206256866455,
        0.85279381275177,
        0.8510003685951233,
        0.8500256538391113,
        0.8492178916931152,
        0.8473983407020569,
        0.8472274541854858,
        0.8457021713256836,
        0.8455313444137573,
        0.8444145321846008
    ],
    "mae": [
        0.6580084562301636,
        0.6506677269935608,
        0.6487991809844971,
        0.6472268104553223,
        0.6464282274246216,
        0.645745575428009,
        0.6452294588088989,
        0.6448639631271362,
        0.6446141600608826,
        0.6440017223358154,
        0.6437493562698364,
        0.6431512832641602,
        0.6431681513786316,
        0.6428542733192444
    ],
    "val_loss": [
        0.86256343126297,
        0.8600918054580688,
        0.8563331961631775,
        0.8537135124206543,
        0.85099858045578,
        0.8509421944618225,
        0.8474794030189514,
        0.8470275402069092,
        0.8492840528488159,
        0.8477486968040466,
        0.8511893153190613,
        0.8472302556037903,
        0.8473821878433228,
        0.8497160077095032
    ],
    "val_mae": [
        0.6492091417312622,
        0.6586310863494873,
        0.6368685960769653,
        0.6375227570533752,
        0.6481385827064514,
        0.6404545307159424,
        0.6439664363861084,
        0.6394541263580322,
        0.6340404748916626,
        0.6437065005302429,
        0.6369394659996033,
        0.6450649499893188,
        0.6421868205070496,
        0.6385427117347717
    ]
}